Player Name,Team,Pos,Games,OG,OA,Pts,+/-,PIM,SOG,GWG,PPG,PPA,SHG,SHA,Hits,BS
Connor McDavid,EDM,C,82,64,89,153,22,36,352,11,21,50,4,3,89,40
David Pastrnak,BOS,RW,82,61,52,113,34,38,407,13,18,19,0,0,91,33
Mikko Rantanen,COL,RW,82,55,50,105,15,82,306,9,13,24,0,0,77,41
Leon Draisaitl,EDM,C,80,52,76,128,7,24,247,11,32,30,1,1,66,40
Brayden Point,TB,C,82,51,44,95,2,7,235,9,20,10,0,0,37,37
Tage Thompson,BUF,RW,78,47,47,94,4,39,295,7,20,14,1,0,55,26
Jason Robertson,DAL,LW,82,46,63,109,37,20,313,7,13,28,0,0,57,19
Jack Hughes,NJ,C,78,43,56,99,10,6,336,6,9,22,0,0,12,30
Carter Verhaeghe,FLA,C,81,42,31,73,10,46,275,2,7,6,0,0,29,31
Alex Ovechkin,WAS,LW,73,42,33,75,-16,48,294,3,14,11,0,0,188,23
Mark Scheifele,WPG,C,81,42,26,68,-16,43,206,10,12,10,0,0,50,38
Nathan MacKinnon,COL,C,71,42,69,111,29,30,366,9,12,22,0,0,53,40
Adrian Kempe,LA,C,82,41,26,67,22,55,250,6,11,9,3,0,119,32
William Nylander,TOR,C,82,40,47,87,10,28,293,5,9,19,0,0,18,26
Jared McCann,SEA,C,79,40,30,70,18,14,210,3,7,9,3,0,65,28
Auston Matthews,TOR,C,74,40,45,85,31,20,327,8,13,15,0,0,78,92
Matthew Tkachuk,FLA,LW,79,40,69,109,29,123,322,6,14,22,0,1,68,31
Timo Meier,NJ,LW,78,40,26,66,-19,43,327,5,17,6,0,0,154,37
Kirill Kaprizov,MIN,LW,67,40,35,75,4,35,261,6,17,15,0,0,66,28
Andrei Kuzmenko,VAN,LW,81,39,35,74,9,8,143,4,14,5,0,0,13,18
Mika Zibanejad,NYR,C,82,39,52,91,25,20,251,5,20,19,1,1,71,48
Tim Stutzle,OTT,LW,78,39,51,90,-3,54,228,3,10,18,3,0,114,49
Elias Pettersson,VAN,C,80,39,63,102,16,14,257,6,6,19,5,4,74,89
Bo Horvat,NYI,C,79,38,32,70,-1,18,229,5,12,10,4,1,57,55
Clayton Keller,ARI,C,82,37,49,86,-2,49,223,4,6,14,1,0,18,34
Jordan Kyrou,STL,RW,79,37,36,73,-38,22,272,5,11,12,0,1,14,35
Roope Hintz,DAL,LW,73,37,38,75,31,30,184,5,9,12,3,0,47,45
Ryan Nugent-Hopkins,EDM,LW,82,37,67,104,12,35,201,3,15,38,1,3,48,26
John Tavares,TOR,C,80,36,44,80,-7,34,277,9,18,21,0,0,112,36
Chris Kreider,NYR,LW,79,36,18,54,21,26,229,3,8,9,4,0,128,24
Brock Nelson,NYI,C,82,36,39,75,13,24,222,8,6,11,0,0,50,43
Zach Hyman,EDM,RW,79,36,47,83,13,39,276,3,15,11,0,0,77,19
Sebastian Aho,CAR,LW,75,36,31,67,8,42,218,9,7,8,3,1,59,21
Jake Guentzel,PIT,LW,78,36,37,73,2,46,243,6,11,12,0,0,83,46
Alex Tuch,BUF,RW,74,36,43,79,14,20,218,9,8,12,1,0,54,46
Jeff Skinner,BUF,LW,79,35,47,82,15,29,242,3,8,13,0,0,21,14
Claude Giroux,OTT,C,82,35,44,79,4,34,214,6,7,17,0,1,75,30
Brady Tkachuk,OTT,LW,82,35,48,83,-10,126,347,6,11,18,0,0,242,9
Steven Stamkos,TB,C,81,34,50,84,-5,46,240,6,14,21,0,0,92,51
Tyler Toffoli,CGY,RW,82,34,39,73,16,28,268,4,10,15,0,0,59,14
Jamie Benn,DAL,C,82,33,45,78,23,34,190,4,13,17,2,1,97,38
Sidney Crosby,PIT,C,82,33,60,93,8,52,255,9,9,18,0,0,71,47
J.T. Miller,VAN,C,81,32,50,82,-7,60,223,3,11,19,5,4,200,51
Dylan Larkin,DET,C,80,32,47,79,-7,45,244,5,16,15,1,0,47,27
Jesper Bratt,NJ,LW,82,32,41,73,14,6,212,3,8,14,0,0,24,23
Nico Hischier,NJ,C,81,31,49,80,33,10,256,9,7,12,3,1,34,61
Dylan Cozens,BUF,C,81,31,37,68,-3,41,211,1,5,13,2,1,55,30
Matthew Boldy,MIN,LW,81,31,32,63,1,39,255,5,8,18,0,0,65,26
Sam Reinhart,FLA,RW,82,31,36,67,-12,12,227,5,16,11,0,3,58,49
Kyle Connor,WPG,LW,82,31,49,80,-11,20,273,8,8,21,0,0,43,24
Travis Konecny,PHI,C,60,31,30,61,-12,77,191,5,5,10,3,3,55,38
Mitchell Marner,TOR,RW,80,30,69,99,18,28,196,4,9,27,4,1,53,45
Nikita Kucherov,TB,RW,82,30,83,113,-2,36,271,4,8,42,0,0,61,28
Brandon Hagel,TB,LW,81,30,34,64,23,54,178,3,7,6,1,2,68,58
Artemi Panarin,NYR,LW,82,29,63,92,4,36,204,4,9,27,0,0,26,11
Victor Olofsson,BUF,LW,75,28,12,40,-23,4,161,5,7,5,0,0,16,15
Rickard Rakell,PIT,C,82,28,32,60,-5,16,244,2,11,10,0,0,141,53
Anders Lee,NYI,C,82,28,22,50,-3,50,214,4,6,8,0,0,125,57
Jonathan Marchessault,VGK,LW,76,28,29,57,2,21,234,4,9,7,0,0,76,17
Anze Kopitar,LA,C,82,28,46,74,20,4,169,4,7,13,0,1,68,87
Joe Pavelski,DAL,RW,82,28,49,77,42,8,184,2,13,14,0,1,93,64
Martin Necas,CAR,C,82,28,43,71,5,32,240,5,9,17,0,1,57,21
Owen Tippett,PHI,RW,77,27,22,49,-17,16,231,4,8,4,0,0,125,69
Dawson Mercer,NJ,C,82,27,29,56,22,14,161,6,2,8,1,1,36,63
Evgeni Malkin,PIT,C,82,27,56,83,-12,82,240,3,11,25,0,0,53,33
Patrice Bergeron,BOS,C,78,27,31,58,35,22,249,7,9,10,2,0,66,54
Logan Couture,SJ,C,82,27,40,67,-30,19,198,4,5,15,1,0,128,70
Jason Zucker,PIT,LW,78,27,21,48,-4,47,197,5,2,7,0,0,197,29
Alex Killorn,TB,C,82,27,37,64,18,45,143,5,3,9,1,1,61,31
Jack Eichel,VGK,C,67,27,39,66,26,6,223,2,2,12,0,1,59,56
Jake DeBrusk,BOS,LW,64,27,23,50,26,16,191,6,6,8,0,1,85,22
Alex DeBrincat,OTT,RW,82,27,39,66,-31,45,263,6,11,19,0,0,109,38
Pierre-Luc Dubois,WPG,C,73,27,36,63,5,77,205,1,11,12,0,0,71,47
Viktor Arvidsson,LA,LW,77,26,33,59,-4,24,228,2,10,15,1,0,25,48
Pavel Buchnevich,STL,LW,63,26,41,67,14,36,123,2,8,13,0,2,54,23
Reilly Smith,VGK,RW,78,26,30,56,11,16,180,4,6,4,4,0,69,32
Boone Jenner,CLS,LW,68,26,19,45,-32,51,214,3,7,4,0,0,129,70
Cole Caufield,MON,RW,46,26,10,36,-10,2,158,3,7,3,0,0,18,12
Nick Suzuki,MON,C,82,26,40,66,-13,33,162,2,7,10,3,0,50,56
Erik Karlsson,SJ,D,82,25,76,101,-26,36,209,4,5,22,0,0,33,90
David Perron,DET,RW,82,24,32,56,-7,52,195,3,6,16,0,0,107,24
Nino Niederreiter,WPG,RW,78,24,17,41,-13,22,181,2,4,3,0,0,165,33
Nazem Kadri,CGY,C,82,24,32,56,-19,56,267,4,11,8,0,0,99,31
Lawson Crouse,ARI,LW,77,24,21,45,-3,35,151,3,6,2,0,0,194,58
Matty Beniers,SEA,C,80,24,33,57,14,2,148,4,4,6,0,1,79,48
Wyatt Johnston,DAL,C,82,24,17,41,6,20,160,3,3,4,0,0,22,31
Gabriel Vilardi,LA,C,63,23,18,41,10,18,122,6,5,4,0,0,41,33
Andrei Svechnikov,CAR,RW,64,23,32,55,6,71,205,4,5,11,0,0,140,17
Trevor Zegras,ANH,C,81,23,42,65,-24,88,184,3,4,13,0,0,46,29
Dylan Strome,WAS,C,81,23,42,65,-4,24,154,2,3,18,0,0,20,43
Michael Bunting,TOR,LW,82,23,26,49,21,103,174,4,7,3,0,0,85,18
Kevin Fiala,LA,LW,69,23,49,72,2,52,208,2,7,17,0,0,53,18
Joel Eriksson Ek,MIN,C,78,23,38,61,4,44,247,1,12,11,2,1,119,55
Troy Terry,ANH,C,70,23,38,61,-8,22,188,3,5,7,0,0,12,23
Aleksander Barkov,FLA,C,68,23,55,78,10,8,208,6,8,22,1,1,52,48
Elias Lindholm,CGY,RW,80,22,42,64,6,14,186,2,10,11,1,2,98,50
Tomas Hertl,SJ,LW,79,22,41,63,-36,42,183,1,6,16,0,0,91,57
Vincent Trocheck,NYR,C,82,22,42,64,3,58,225,3,9,8,0,0,182,44
Dougie Hamilton,NJ,D,82,22,52,74,23,50,275,7,8,20,0,0,64,86
Adam Henrique,ANH,C,62,22,16,38,-7,22,132,1,4,6,0,0,28,46
Matt Duchene,NSH,C,71,22,34,56,4,32,168,3,5,8,0,0,27,32
Mats Zuccarello,MIN,RW,78,22,45,67,-3,26,198,3,9,20,0,0,51,51
Patrik Laine,CLS,RW,55,22,30,52,-12,16,184,1,8,8,0,0,27,27
Nick Schmaltz,ARI,RW,63,22,36,58,4,20,132,2,6,6,0,1,12,28
Frank Vatrano,ANH,LW,81,22,19,41,-29,66,231,1,5,4,0,0,86,75
Drake Batherson,OTT,RW,82,22,40,62,-35,33,249,2,14,15,0,0,115,35
Filip Chytil,NYR,C,74,22,23,45,15,30,177,4,3,2,0,0,36,38
Kirill Marchenko,CLS,LW,59,21,4,25,-23,16,131,1,7,1,0,0,34,39
Pavel Zacha,BOS,C,82,21,36,57,26,16,131,3,3,5,0,1,67,21
Artturi Lehkonen,COL,LW,64,21,30,51,8,28,150,3,8,12,1,0,93,43
Daniel Sprong,SEA,RW,66,21,25,46,13,14,147,3,6,8,0,0,33,17
Brayden Schenn,STL,C,82,21,44,65,-27,50,144,3,6,9,0,0,140,41
Jaden Schwartz,SEA,LW,71,21,19,40,-17,22,167,2,6,2,0,0,55,25
Tyler Seguin,DAL,C,76,21,29,50,3,24,189,3,7,4,1,1,84,23
Patrick Kane,NYR,RW,73,21,36,57,-22,16,227,1,4,18,0,0,13,19
Brad Marchand,BOS,LW,73,21,46,67,27,74,183,4,9,20,0,1,81,22
Zach Parise,NYI,LW,82,21,13,34,7,24,182,2,3,1,2,1,89,83
Johnny Gaudreau,CLS,LW,80,21,53,74,-33,22,220,4,3,21,0,0,5,18
Josh Anderson,MON,RW,69,21,11,32,-8,72,164,5,4,0,1,0,139,49
Andreas Athanasiou,CHI,C,81,20,20,40,-29,34,175,4,3,4,0,0,43,44
Jordan Eberle,SEA,RW,82,20,43,63,6,34,177,4,3,12,0,0,44,25
Calle Jarnkrok,TOR,C,73,20,19,39,9,14,106,2,3,2,1,2,50,19
Bryan Rust,PIT,RW,81,20,26,46,-4,31,211,2,2,9,0,1,98,50
Tomas Tatar,NJ,LW,82,20,28,48,41,30,153,1,1,3,0,0,65,30
Taylor Raddysh,CHI,RW,78,20,17,37,-28,16,129,1,7,8,0,0,82,38
Oliver Bjorkstrand,SEA,RW,81,20,25,45,-1,16,198,1,5,5,0,0,63,38
Max Domi,DAL,C,80,20,36,56,-15,82,179,4,8,11,0,0,22,24
Dominik Kubalik,DET,LW,81,20,25,45,-15,24,174,3,7,10,0,0,89,26
Shane Pinto,OTT,C,82,20,15,35,-21,18,158,2,5,4,0,0,71,49
Barrett Hayton,ARI,C,82,19,24,43,-5,42,178,4,4,6,0,1,83,33
Morgan Frost,PHI,C,81,19,27,46,-12,24,155,3,1,4,0,0,85,53
Frederick Gaudreau,MIN,C,82,19,19,38,10,10,138,3,3,1,4,1,42,52
Marcus Johansson,MIN,LW,80,19,27,46,3,8,137,7,5,13,2,0,26,23
Mikael Backlund,CGY,C,82,19,37,56,24,36,260,2,5,7,1,3,97,31
T.J. Oshie,WAS,RW,58,19,16,35,-18,59,126,2,9,2,0,0,125,34
Filip Forsberg,NSH,RW,50,19,23,42,-4,20,157,2,4,9,0,0,86,20
Brandon Saad,STL,LW,71,19,18,37,-8,12,127,1,2,2,2,1,24,31
Phillip Danault,LA,C,82,18,36,54,-8,63,152,1,3,17,0,2,81,75
Blake Coleman,CGY,C,82,18,20,38,9,54,188,2,0,0,2,0,107,39
Scott Laughton,PHI,C,78,18,25,43,-9,50,170,0,5,4,3,4,156,57
Brady Skjei,CAR,D,81,18,20,38,7,40,188,3,4,3,1,0,71,62
Brent Burns,CAR,D,82,18,43,61,19,44,255,2,4,19,0,0,40,86
Roman Josi,NSH,D,67,18,41,59,5,36,269,5,8,16,0,0,51,146
Kevin Hayes,PHI,C,81,18,36,54,-22,23,209,1,6,10,0,0,52,22
Vladimir Tarasenko,NYR,RW,69,18,32,50,-14,8,169,1,3,11,1,0,75,36
Dillon Dube,CGY,C,82,18,27,45,-6,47,151,3,1,3,2,0,136,21
Brock Boeser,VAN,RW,74,18,37,55,-20,24,178,3,6,10,0,0,49,32
Anthony Beauvillier,VAN,LW,82,18,22,40,-10,24,176,5,3,1,0,0,78,30
Eeli Tolvanen,SEA,LW,61,18,13,31,8,14,116,4,4,3,0,0,91,51
Robert Thomas,STL,C,73,18,47,65,-8,22,106,2,5,17,1,0,15,29
Jesperi Kotkaniemi,CAR,LW,82,18,25,43,10,50,129,2,3,8,1,0,105,21
Kaapo Kakko,NYR,RW,82,18,22,40,12,8,125,2,0,3,0,0,26,27
Lucas Raymond,DET,RW,74,17,28,45,-17,24,134,4,5,14,0,0,43,20
Eetu Luostarinen,FLA,LW,82,17,26,43,19,28,132,1,2,3,0,1,64,51
Cale Makar,COL,D,60,17,49,66,16,30,176,6,5,25,0,0,65,78
Mason McTavish,ANH,C,80,17,26,43,-19,44,161,1,7,7,0,0,55,37
Andrew Mangiapane,CGY,LW,82,17,26,43,12,40,182,1,2,2,0,2,86,26
Thomas Novak,NSH,C,51,17,26,43,5,8,93,3,5,7,0,0,9,23
Conor Garland,VAN,RW,81,17,29,46,-5,31,167,2,2,10,0,0,47,20
Trent Frederic,BOS,C,79,17,14,31,28,57,120,6,0,0,0,1,105,36
Pierre Engvall,NYI,LW,76,17,13,30,8,21,131,4,1,2,0,0,47,6
Nick Paul,TB,LW,80,17,15,32,11,33,120,4,4,0,1,0,111,46
Valeri Nichushkin,COL,LW,53,17,30,47,15,2,158,2,10,6,1,2,54,37
J.T. Compher,COL,C,82,17,35,52,8,33,154,3,5,9,0,0,37,82
Nick Bjugstad,EDM,C,78,17,12,29,13,34,145,1,1,0,1,0,168,44
Jordan Staal,CAR,C,81,17,17,34,7,32,124,3,0,0,1,1,155,39
Mark Stone,VGK,RW,43,17,21,38,11,10,113,1,3,6,2,0,31,23
Chandler Stephenson,VGK,C,81,16,49,65,12,26,120,5,6,9,1,2,74,56
Blake Wheeler,WPG,RW,72,16,39,55,-3,46,126,6,7,8,0,0,54,35
David Krejci,BOS,C,70,16,40,56,23,20,112,2,4,8,0,0,41,38
Taylor Hall,BOS,LW,61,16,20,36,11,24,150,5,4,4,0,0,35,33
Charlie Coyle,BOS,C,82,16,29,45,29,30,139,0,0,0,1,4,68,63
Ryan O'Reilly,TOR,C,53,16,14,30,-21,16,102,4,1,4,1,0,18,23
Kyle Palmieri,NYI,RW,55,16,17,33,13,24,122,3,3,2,0,0,76,17
Evander Kane,EDM,LW,41,16,12,28,-4,53,146,3,0,2,1,1,124,15
William Carrier,VGK,LW,56,16,9,25,15,30,118,7,0,0,0,0,133,22
Josh Morrissey,WPG,D,78,16,60,76,2,41,172,6,2,26,0,0,89,119
Sam Bennett,FLA,LW,63,16,24,40,5,54,193,3,4,5,0,0,150,35
Evan Rodrigues,COL,C,69,16,23,39,7,30,184,2,6,5,0,0,34,27
Ivan Barbashev,VGK,LW,82,16,29,45,1,42,126,2,2,3,0,1,182,46
Michael Amadio,VGK,C,67,16,11,27,2,12,99,2,1,1,0,0,56,27
Brandon Montour,FLA,D,80,16,57,73,9,107,242,5,3,30,0,0,92,93
Brandon Tanev,SEA,LW,82,16,19,35,21,44,115,3,0,0,1,0,190,68
Kent Johnson,CLS,C,79,16,24,40,-19,14,126,3,5,7,0,0,15,30
Ross Colton,TB,LW,81,16,16,32,-8,50,153,3,4,5,0,0,188,28
Alexis Lafreniere,NYR,LW,81,16,23,39,10,33,135,2,3,1,0,0,141,28
Jonatan Berggren,DET,RW,67,15,13,28,-14,16,98,0,5,4,0,0,20,28
Casey Mittelstadt,BUF,C,82,15,44,59,-8,22,135,2,4,12,1,0,30,16
Joel Farabee,PHI,LW,82,15,24,39,-1,41,145,1,0,2,0,0,71,45
Rasmus Dahlin,BUF,D,78,15,58,73,12,92,204,2,6,26,0,0,105,132
Alexander Barabanov,SJ,RW,68,15,32,47,-30,20,120,2,3,10,0,0,40,37
Kasperi Kapanen,STL,RW,66,15,19,34,-8,18,116,5,3,3,1,0,99,20
Kevin Labanc,SJ,RW,72,15,18,33,-17,36,129,0,2,1,0,0,70,28
Conor Sheary,WAS,LW,82,15,22,37,9,22,154,1,2,5,2,0,57,39
Ryan Hartman,MIN,RW,59,15,22,37,7,90,149,6,1,3,2,2,62,48
Jonathan Toews,CHI,C,53,15,16,31,-31,43,87,1,9,3,0,0,9,23
Jonathan Huberdeau,CGY,LW,79,15,40,55,2,36,126,1,4,11,0,0,65,27
Ryan Strome,ANH,C,82,15,26,41,-30,79,130,2,1,3,0,0,29,24
Travis Boyd,ARI,C,82,15,19,34,-32,26,94,3,2,8,0,0,39,59
William Karlsson,VGK,C,82,14,39,53,14,10,161,2,2,7,2,3,50,50
Erik Haula,NJ,C,80,14,27,41,13,47,164,0,2,5,2,1,92,54
Yanni Gourde,SEA,LW,81,14,34,48,23,76,141,2,3,1,1,0,118,54
Phil Kessel,VGK,RW,82,14,22,36,-7,30,149,0,2,7,0,0,10,28
Eric Staal,FLA,C,72,14,15,29,-5,26,106,1,0,0,2,0,27,45
Mike Hoffman,MON,LW,67,14,20,34,-10,28,148,3,1,9,0,0,24,24
Nikita Zadorov,CGY,D,82,14,7,21,10,80,130,2,0,1,0,0,174,75
Aaron Ekblad,FLA,D,71,14,24,38,-14,68,216,2,8,11,1,0,77,80
Noel Acciari,TOR,C,77,14,9,23,-4,21,102,2,0,0,0,2,244,81
Ryan Donato,SEA,C,71,14,13,27,16,46,122,0,0,2,0,0,69,12
Nicolas Roy,VGK,C,65,14,16,30,10,24,101,5,3,3,0,1,83,41
Mathew Barzal,NYI,C,58,14,37,51,5,22,139,5,4,15,0,0,25,34
Vince Dunn,SEA,D,81,14,50,64,28,55,149,2,0,15,0,0,115,80
Pius Suter,DET,LW,79,14,10,24,-3,6,106,1,0,0,2,0,39,37
Cody Glass,NSH,C,72,14,21,35,9,20,131,2,6,3,0,0,62,31
Alex Iafallo,LA,C,59,14,22,36,14,20,133,5,7,1,0,0,27,33
Kirby Dach,MON,C,58,14,24,38,-2,43,107,2,6,10,0,2,53,38
Nico Sturm,SJ,C,74,14,12,26,-13,23,119,1,0,0,1,0,100,45
Rafael Harvey-Pinard,MON,LW,34,14,6,20,7,10,58,1,4,0,1,0,57,56
Alex Newhook,COL,C,82,14,16,30,0,22,116,3,1,1,0,0,60,26
Jack Quinn,BUF,C,75,14,23,37,-7,15,126,2,1,5,0,1,43,19
Seth Jarvis,CAR,RW,82,14,25,39,10,12,187,0,0,5,1,0,73,48
Arthur Kaliyev,LA,RW,56,13,15,28,-5,12,122,1,8,4,0,0,40,10
Paul Cotter,VGK,C,55,13,5,18,-5,15,76,1,0,0,0,0,168,17
Yegor Sharangovich,NJ,LW,75,13,17,30,-3,16,131,2,0,0,2,2,22,41
Noah Dobson,NYI,D,78,13,36,49,4,20,206,2,5,14,0,0,60,104
Noah Cates,PHI,LW,82,13,25,38,3,12,107,5,3,5,1,1,86,65
Derek Ryan,EDM,C,80,13,7,20,11,28,92,0,0,0,2,1,54,42
Christian Fischer,ARI,RW,80,13,14,27,-7,20,122,0,0,1,1,0,126,37
Denis Malgin,COL,C,65,13,8,21,4,8,112,1,0,1,0,0,68,18
Ilya Mikheyev,VAN,RW,46,13,15,28,3,2,91,2,1,2,0,0,13,14
Warren Foegele,EDM,LW,67,13,15,28,7,28,126,4,0,0,1,0,96,22
Nick Ritchie,CGY,LW,74,13,13,26,-21,53,120,2,4,6,0,0,218,32
Gustav Forsling,FLA,D,82,13,28,41,19,40,209,3,1,4,0,2,69,106
Nic Dowd,WAS,C,65,13,12,25,6,26,62,3,0,0,0,1,136,61
Garnet Hathaway,BOS,RW,84,13,9,22,5,69,88,3,0,0,0,1,268,83
Alexander Wennberg,SEA,C,82,13,25,38,-7,20,101,3,4,5,0,0,43,63
Andre Burakovsky,SEA,LW,49,13,26,39,-9,14,105,3,4,10,0,0,17,15
Miles Wood,NJ,LW,76,13,14,27,1,76,167,2,2,1,0,0,100,19
Jeff Carter,PIT,C,79,13,16,29,-16,30,139,2,4,5,0,1,80,54
Derick Brassard,OTT,C,62,13,10,23,3,30,92,4,5,5,0,0,90,10
Tom Wilson,WAS,RW,33,13,9,22,-13,78,82,1,4,1,0,0,97,30
Jordan Martinook,CAR,LW,82,13,21,34,7,61,162,3,0,0,1,1,81,31
Shayne Gostisbehere,CAR,D,75,13,28,41,-5,32,155,2,5,10,2,0,46,89
Jean-Gabriel Pageau,NYI,C,70,13,27,40,-2,14,123,2,5,3,3,1,175,61
Adam Lowry,WPG,LW,82,13,23,36,4,48,126,2,0,2,3,2,161,46
Stefan Noesen,CAR,C,78,13,23,36,11,32,134,4,7,8,0,0,99,18
Tyson Barrie,NSH,D,85,13,42,55,-7,36,163,1,4,27,0,1,55,90
Tyler Johnson,CHI,C,56,12,20,32,-21,16,125,0,4,5,0,0,49,25
Matt Nieto,COL,LW,81,12,12,24,-15,16,115,2,0,1,0,0,43,32
Darnell Nurse,EDM,D,82,12,31,43,26,64,203,4,0,1,2,1,146,164
Brock McGinn,ANH,LW,75,12,7,19,-6,21,91,3,0,0,2,0,84,43
Colton Sissons,NSH,RW,82,12,18,30,-4,20,87,1,0,2,1,0,164,72
Teuvo Teravainen,CAR,C,68,12,25,37,11,16,144,2,5,6,2,1,15,18
Kris Letang,PIT,D,64,12,29,41,-13,30,161,3,6,15,1,0,162,108
Corey Perry,TB,RW,81,12,13,25,-28,95,116,3,6,6,0,0,48,25
James van Riemsdyk,PHI,LW,61,12,17,29,-3,28,119,1,2,2,0,0,18,20
Evgeny Kuznetsov,WAS,C,81,12,43,55,-26,56,172,2,5,13,0,0,43,29
Ryan Johansen,NSH,C,55,12,16,28,-13,32,86,1,5,5,0,0,49,19
Seth Jones,CHI,D,72,12,25,37,-38,30,178,1,2,10,0,1,106,125
Nikolaj Ehlers,WPG,LW,45,12,26,38,-2,11,132,0,3,9,0,0,36,10
Sam Lafferty,TOR,RW,70,12,15,27,-11,37,102,1,0,0,4,1,125,33
Carl Grundstrom,LA,LW,57,12,7,19,-4,16,90,2,1,0,0,0,144,17
Adam Fox,NYR,D,82,12,60,72,28,34,159,5,1,28,0,3,25,125
Ryan Lomberg,FLA,LW,82,12,8,20,-1,88,134,1,0,0,0,0,149,24
Mason Marchment,DAL,LW,68,12,19,31,-6,80,148,2,2,3,0,0,88,39
Yakov Trenin,NSH,C,77,12,12,24,-7,47,140,2,0,2,2,0,167,30
Eric Robinson,CLS,LW,72,12,12,24,-21,6,98,1,0,0,0,2,124,32
Jack McBain,ARI,C,82,12,14,26,-8,64,85,2,0,0,0,0,304,51
John-Jason Peterka,BUF,RW,77,12,20,32,-15,26,125,1,2,3,0,0,18,10
Anton Lundell,FLA,C,73,12,21,33,1,43,152,1,0,5,2,0,29,32
Matias Maccelli,ARI,LW,64,11,38,49,0,18,61,1,1,12,0,0,24,20
Ryan McLeod,EDM,C,57,11,12,23,4,18,78,0,0,0,2,1,40,20
Blake Lizotte,LA,LW,81,11,23,34,11,60,108,1,0,0,0,2,96,39
Sheldon Dries,VAN,C,63,11,6,17,-9,29,94,0,4,1,1,0,84,40
Klim Kostin,EDM,RW,57,11,10,21,12,66,56,2,0,0,0,0,157,15
Miro Heiskanen,DAL,D,79,11,62,73,12,32,206,2,2,32,0,1,49,96
Rasmus Andersson,CGY,D,79,11,38,49,5,26,159,4,1,20,1,1,50,136
Jack Roslovic,CLS,RW,77,11,33,44,-14,10,123,2,2,7,2,1,42,53
Thomas Chabot,OTT,D,68,11,30,41,-11,52,165,0,5,15,0,0,79,123
Anthony Cirelli,TB,C,58,11,18,29,13,33,111,1,1,1,2,0,34,46
Jakub Vrana,STL,RW,25,11,5,16,3,10,63,2,4,0,0,0,14,6
Sonny Milano,WAS,LW,64,11,22,33,-5,18,80,3,1,4,0,0,39,15
Tony DeAngelo,PHI,D,70,11,31,42,-27,73,174,1,4,15,0,0,52,79
Dakota Joshua,VAN,LW,79,11,12,23,-16,60,71,2,1,0,1,0,222,30
Anthony Mantha,WAS,RW,67,11,16,27,-8,31,119,2,1,1,0,0,68,24
Barclay Goodrow,NYR,LW,82,11,20,31,3,58,89,2,1,1,0,1,122,64
Justin Faulk,STL,D,82,11,39,50,-4,34,196,3,2,8,0,0,112,140
Alex Pietrangelo,VGK,D,73,11,43,54,13,16,170,3,1,13,0,2,65,177
Kyle Okposo,BUF,RW,75,11,17,28,-7,34,150,3,1,3,1,0,78,25
Radek Faksa,DAL,C,81,11,9,20,9,39,88,3,0,0,1,1,89,69
Jimmy Vesey,NYR,LW,81,11,14,25,13,20,123,4,0,0,1,0,98,40
Sean Kuraly,CLS,C,71,11,9,20,-28,68,100,0,1,0,1,1,187,46
Jared Spurgeon,MIN,D,79,11,23,34,32,14,149,3,1,3,0,1,66,179
Gustav Nyquist,MIN,RW,51,11,16,27,-9,16,102,2,0,1,2,0,41,30
Jakob Silfverberg,ANH,RW,81,10,16,26,-20,32,141,2,4,3,0,0,10,51
Jesper Fast,CAR,RW,80,10,19,29,9,16,76,1,0,0,0,3,104,40
Oskar Sundqvist,MIN,C,67,10,18,28,-4,28,69,0,3,5,0,0,63,28
Alex Kerfoot,TOR,C,82,10,22,32,8,30,133,1,2,1,1,1,54,46
Zemgus Girgensons,BUF,C,80,10,8,18,-5,14,114,0,0,1,0,0,96,49
Hampus Lindholm,BOS,D,80,10,43,53,49,56,158,2,1,16,0,0,78,100
Nick Foligno,BOS,LW,60,10,16,26,18,45,71,1,2,3,0,0,147,29
Andrew Cogliano,COL,LW,79,10,9,19,6,44,85,0,0,0,0,2,55,54
Lars Eller,COL,C,84,10,13,23,3,46,140,1,0,0,1,0,93,42
John Klingberg,MIN,D,67,10,23,33,-25,34,112,3,2,8,0,0,55,84
Mikael Granlund,PIT,C,79,10,31,41,-15,20,121,1,1,11,0,0,78,60
Cam Fowler,ANH,D,82,10,38,48,-23,14,130,1,4,10,0,0,18,104
Nick Bonino,PIT,C,62,10,9,19,-5,28,91,0,0,1,0,0,19,79
Hudson Fasching,NYI,RW,49,10,9,19,10,10,61,1,0,1,0,0,45,22
Mattias Janmark,EDM,C,66,10,15,25,9,30,79,1,0,0,3,1,20,26
Christian Dvorak,MON,LW,64,10,18,28,-12,6,88,1,0,3,1,0,13,66
Steven Lorentz,SJ,C,80,10,9,19,-18,16,111,0,1,0,1,1,133,46
Noah Gregor,SJ,C,57,10,7,17,-9,32,119,1,0,0,0,1,97,34
Sam Steel,MIN,C,65,10,18,28,11,18,85,2,0,3,1,0,46,15
Mikhail Sergachev,TB,D,79,10,54,64,13,53,156,2,3,24,0,1,128,149
Michael Rasmussen,DET,C,56,10,19,29,2,43,88,0,0,1,0,0,119,48
Kailer Yamamoto,EDM,LW,58,10,15,25,12,24,97,3,0,0,1,1,77,24
Jesper Boqvist,NJ,C,70,10,11,21,8,2,67,2,0,0,0,0,50,20
Trevor Moore,LA,LW,59,10,19,29,-2,14,163,1,2,5,1,1,60,23
Neal Pionk,WPG,D,82,10,23,33,-12,44,142,2,1,2,0,1,169,129
Zach Aston-Reese,TOR,C,77,10,4,14,-6,25,89,2,0,0,0,0,163,43
Alexei Toropchenko,STL,RW,69,10,9,19,6,12,86,0,0,0,1,0,122,46
Bowen Byram,COL,D,42,10,14,24,7,38,65,1,2,4,1,0,82,54
Logan O'Connor,COL,C,82,9,17,26,11,37,104,0,0,0,2,1,116,50
Sean Durzi,LA,D,72,9,29,38,-12,50,110,1,1,15,0,0,68,142
K'Andre Miller,NYR,D,79,9,34,43,12,37,113,2,0,3,0,2,162,105
Joe Veleno,DET,C,81,9,11,20,-12,30,85,1,1,3,0,0,152,44
Philipp Kurashev,CHI,LW,70,9,16,25,-32,14,116,2,0,4,0,0,38,34
Peyton Krebs,BUF,C,74,9,17,26,-8,50,78,0,1,2,1,0,93,20
Max Comtois,ANH,LW,64,9,10,19,-20,76,89,0,0,2,0,0,81,27
Morgan Geekie,SEA,C,69,9,19,28,14,24,81,3,1,0,0,0,53,33
Ty Dellandrea,DAL,C,82,9,19,28,9,54,92,2,0,0,0,3,125,39
Jakob Chychrun,OTT,D,48,9,24,33,7,30,144,0,4,4,0,0,55,83
Max Jones,ANH,LW,69,9,10,19,-21,77,107,2,0,0,0,0,110,18
Julien Gauthier,OTT,RW,57,9,5,14,-6,6,53,0,0,0,0,0,105,13
Wade Allison,PHI,RW,60,9,6,15,-3,36,89,2,0,0,0,0,190,62
Filip Hronek,VAN,D,64,9,30,39,7,34,124,1,4,12,0,0,102,58
Brandon Duhaime,MIN,LW,51,9,1,10,6,42,80,3,0,0,1,0,146,18
Matt Roy,LA,D,82,9,17,26,8,22,135,2,0,0,1,1,119,153
Jake Walman,DET,D,63,9,9,18,10,45,140,2,0,2,0,0,47,121
Sammy Blais,STL,LW,71,9,16,25,4,30,70,1,0,1,0,0,238,35
Jason Dickinson,CHI,C,78,9,21,30,-29,28,114,1,1,0,0,4,112,80
Andrew Copp,DET,C,82,9,33,42,2,25,120,2,1,4,1,0,32,45
Austin Watson,OTT,LW,75,9,2,11,-7,123,79,2,0,0,3,0,165,61
Drew Doughty,LA,D,81,9,43,52,12,34,145,2,4,23,0,0,115,104
John Carlson,WAS,D,40,9,20,29,-7,12,124,0,3,9,1,0,42,87
Victor Hedman,TB,D,76,9,40,49,10,42,185,1,1,13,1,2,95,136
Paul Stastny,CAR,C,73,9,13,22,4,16,80,3,2,2,0,0,21,18
Trevor Lewis,CGY,C,82,9,11,20,-7,18,144,1,1,0,1,0,158,33
Mattias Ekholm,EDM,D,78,9,23,32,28,28,135,0,0,4,0,1,91,104
Jamie Oleksiak,SEA,D,75,9,16,25,13,62,76,2,0,0,0,0,126,115
Nick Cousins,FLA,C,79,9,18,27,-1,38,102,2,0,0,0,0,87,36
Craig Smith,WAS,RW,64,9,7,16,5,18,104,2,0,1,0,0,48,21
Vladislav Namestnikov,WPG,C,77,8,17,25,5,35,108,0,1,2,0,0,108,39
Brett Ritchie,ARI,RW,50,8,5,13,0,25,68,0,0,1,0,0,77,9
Ondrej Palat,NJ,LW,49,8,15,23,5,6,79,1,1,2,0,0,70,44
Adam Larsson,SEA,D,82,8,25,33,27,47,143,2,0,0,1,0,222,173
Brendan Gallagher,MON,RW,37,8,6,14,-5,45,93,2,0,2,0,0,18,13
Jacob Trouba,NYR,D,82,8,22,30,7,63,199,2,2,3,1,1,218,196
Mike Matheson,MON,D,48,8,26,34,7,33,126,2,0,9,0,2,53,80
Esa Lindell,DAL,D,82,8,16,24,29,10,116,2,0,0,0,2,87,147
Josh Bailey,NYI,LW,64,8,17,25,3,2,72,2,0,3,0,0,11,31
Sam Gagner,WPG,C,48,8,6,14,-4,13,78,2,1,2,0,0,16,14
Ryan Graves,NJ,D,78,8,18,26,34,28,141,2,0,0,0,2,83,152
Tyler Motte,NYR,C,62,8,11,19,3,6,109,1,0,0,1,0,118,60
Shea Theodore,VGK,D,55,8,33,41,16,18,136,2,2,7,0,0,16,86
Adam Erne,DET,RW,61,8,10,18,-12,21,55,2,0,0,0,1,160,55
Tyler Bertuzzi,BOS,LW,50,8,22,30,-8,29,107,0,4,6,0,0,54,22
Danton Heinen,PIT,C,65,8,14,22,-5,12,96,0,1,1,0,0,76,26
Evgeny Svechnikov,SJ,LW,59,8,6,14,-6,26,64,0,0,0,0,0,100,21
Colin White,FLA,C,68,8,7,15,0,12,64,0,0,0,0,0,61,29
Keegan Kolesar,VGK,RW,74,8,10,18,6,68,63,0,0,0,0,0,279,31
Evan Bouchard,EDM,D,82,8,32,40,6,28,156,2,2,11,0,1,95,77
Morgan Barron,WPG,LW,70,8,13,21,4,31,112,2,0,1,1,2,118,44
Calle Rosen,STL,D,49,8,10,18,19,8,62,2,0,0,0,0,16,51
Joel Kiviranta,DAL,RW,70,8,1,9,-9,40,85,0,0,0,1,0,117,20
Cole Perfetti,WPG,LW,51,8,22,30,10,16,90,0,1,4,0,0,35,22
Luke Evangelista,NSH,RW,24,7,8,15,7,6,54,1,0,2,0,0,9,6
Walker Duehr,CGY,RW,27,7,4,11,0,4,47,2,0,0,0,0,55,4
Janis Moser,ARI,D,82,7,24,31,-12,35,93,1,3,8,0,0,80,137
Pavel Dorofeyev,VGK,LW,18,7,2,9,5,6,40,3,2,1,0,0,3,9
Rasmus Sandin,WAS,D,71,7,28,35,3,39,81,0,0,11,0,0,136,87
Kiefer Sherwood,NSH,LW,32,7,6,13,4,30,57,0,1,1,0,0,103,15
Lukas Reichel,CHI,RW,23,7,8,15,-8,6,42,0,0,3,0,0,7,15
Ryan Poehling,PIT,C,53,7,7,14,-2,8,64,0,0,0,2,1,57,41
David Kampf,TOR,RW,82,7,20,27,6,8,107,1,0,0,0,3,74,29
Michael Pezzetta,MON,C,63,7,8,15,-4,77,70,0,0,1,0,0,239,28
Emil Bemstrom,CLS,C,55,7,15,22,-11,6,95,0,3,3,0,0,16,21
Mason Shaw,MIN,C,59,7,10,17,-1,79,92,0,0,0,0,2,87,27
Jaret Anderson-Dolan,LA,C,46,7,5,12,-11,2,54,2,0,1,0,0,61,29
Oliver Wahlstrom,NYI,RW,35,7,9,16,5,32,70,1,1,0,0,0,50,15
Liam Foudy,CLS,C,62,7,7,14,-26,8,67,0,0,0,0,0,60,18
Quinn Hughes,VAN,D,78,7,69,76,15,34,154,0,2,32,0,1,29,71
Mark Kastelic,OTT,C,65,7,4,11,-6,102,73,2,0,0,0,0,154,37
Charlie McAvoy,BOS,D,67,7,45,52,29,54,105,2,2,17,0,0,84,131
Tyson Jost,BUF,C,71,7,18,25,-13,34,98,0,0,0,0,0,61,32
Travis Sanheim,PHI,D,81,7,16,23,-5,40,111,1,0,1,1,0,61,137
Robby Fabbri,DET,LW,28,7,9,16,-1,22,35,3,3,5,0,0,49,15
Devon Toews,COL,D,80,7,43,50,39,26,165,0,1,6,0,0,93,138
Noah Hanifin,CGY,D,81,7,31,38,2,33,176,0,1,7,0,1,76,129
Denis Gurianov,MON,RW,66,7,10,17,-9,10,116,0,1,2,0,0,43,27
Trevor van Riemsdyk,WAS,D,75,7,16,23,10,15,97,0,0,1,0,0,21,160
Tomas Nosek,BOS,LW,66,7,11,18,9,48,69,1,0,0,2,0,69,31
Milan Lucic,CGY,LW,77,7,12,19,-13,43,73,0,0,0,0,0,168,15
Nicklas Backstrom,WAS,C,39,7,14,21,-25,14,59,0,6,5,0,0,24,23
Marcus Foligno,MIN,LW,65,7,14,21,-6,97,83,0,0,3,0,0,237,40
Evgenii Dadonov,DAL,RW,73,7,26,33,-8,18,110,0,0,8,0,0,33,43
Matt Martin,NYI,LW,81,7,12,19,4,63,82,1,0,0,0,0,295,43
Erik Gustafsson,TOR,D,70,7,35,42,9,23,122,2,0,14,0,0,52,63
Jaccob Slavin,CAR,D,76,7,20,27,18,8,131,1,0,0,0,1,36,103
Nate Schmidt,WPG,D,71,7,12,19,15,8,101,0,3,2,0,0,45,85
Mark Jankowski,NSH,C,50,7,5,12,-1,18,57,3,0,0,3,0,45,31
Justin Schultz,SEA,D,73,7,27,34,4,40,98,4,1,12,0,0,30,72
Damon Severson,NJ,D,81,7,26,33,9,38,102,2,1,3,1,0,44,115
Tyler Pitlick,STL,C,61,7,9,16,-1,14,54,0,0,0,0,0,103,29
Dmitry Orlov,BOS,D,66,7,29,36,12,22,124,2,1,7,0,1,137,85
Connor Murphy,CHI,D,80,7,6,13,-10,69,85,0,0,0,2,0,165,160
Joel Armia,MON,RW,43,7,7,14,-7,22,69,0,0,1,1,0,37,25
Torey Krug,STL,D,63,7,25,32,-26,49,126,1,4,10,0,0,40,87
Alex Chiasson,DET,RW,20,6,3,9,-8,6,25,0,5,2,0,0,14,7
Josh Archibald,PIT,RW,62,6,6,12,6,43,71,0,0,0,0,0,195,28
Dylan DeMelo,WPG,D,75,6,21,27,10,50,93,1,0,0,1,2,120,102
Scott Mayfield,NYI,D,82,6,18,24,8,83,119,1,0,0,0,0,107,168
Nicolas Deslauriers,PHI,LW,80,6,6,12,-11,136,70,0,0,0,1,0,306,26
Jujhar Khaira,CHI,C,51,6,8,14,-11,31,59,0,1,1,1,0,108,40
Adam Pelech,NYI,D,61,6,15,21,15,36,97,0,0,0,0,1,77,110
Phil Di Giuseppe,VAN,LW,30,6,6,12,-1,14,71,0,0,1,0,1,52,10
Olli Maatta,DET,D,78,6,17,23,-9,14,62,0,0,0,0,0,78,128
Sean Monahan,MON,C,25,6,11,17,-5,16,55,0,1,3,0,0,10,8
Alex Belzile,MON,LW,31,6,8,14,0,13,40,0,0,0,0,0,27,22
Colin Miller,DAL,D,79,6,15,21,23,37,106,3,1,0,0,0,108,70
Travis Hamonic,OTT,D,75,6,15,21,-5,71,136,1,0,1,0,3,109,143
Casey Cizikas,NYI,C,81,6,15,21,0,54,111,0,0,0,0,2,188,58
Jani Hakanpaa,DAL,D,82,6,10,16,18,60,86,1,0,0,0,0,224,128
Cal Clutterbuck,NYI,RW,49,6,6,12,9,30,44,1,0,0,0,0,194,33
Michael Stone,CGY,D,48,6,5,11,2,35,92,1,0,2,0,0,54,59
Ivan Provorov,PHI,D,82,6,21,27,-17,24,115,1,0,2,0,2,97,162
Oskar Lindblom,SJ,LW,73,6,9,15,-16,18,75,0,0,1,0,0,64,24
Brett Howden,VGK,C,54,6,7,13,5,55,53,0,0,0,0,0,107,34
Jalen Chatfield,CAR,D,78,6,8,14,23,35,93,2,0,0,1,1,78,63
Joey Anderson,CHI,RW,38,6,3,9,-8,0,41,1,0,0,0,0,36,17
Rem Pitlick,MON,C,46,6,9,15,-15,22,30,1,1,0,0,1,23,18
Samuel Girard,COL,D,76,6,31,37,-10,16,119,1,1,7,0,1,67,116
Nathan Bastian,NJ,RW,43,6,9,15,7,31,62,1,0,0,0,0,99,38
Kevin Stenlund,WPG,C,54,6,3,9,3,20,63,0,0,0,2,0,31,28
Jordan Greenway,BUF,LW,62,6,5,11,-6,26,99,0,0,0,0,0,107,39
Vladislav Gavrikov,LA,D,72,6,13,19,4,38,89,2,0,0,1,1,74,115
Fabian Zetterlund,SJ,LW,67,6,17,23,-6,14,118,1,1,2,0,0,53,20
Adam Ruzicka,CGY,C,44,6,14,20,-1,8,64,2,2,4,0,0,28,8
Axel Jonsson-Fjallby,WPG,LW,50,6,8,14,-1,8,54,2,0,0,0,1,43,18
Andrew Peeke,CLS,D,80,6,7,13,-41,22,90,1,0,0,0,1,180,197
Tanner Jeannot,TB,LW,76,6,12,18,-7,107,107,1,0,0,0,1,290,62
Timothy Liljegren,TOR,D,67,6,12,18,24,30,84,0,0,1,1,1,107,93
Juuso Parssinen,NSH,LW,45,6,19,25,-1,15,49,3,1,7,0,0,76,18
Simon Holmstrom,NYI,RW,50,6,3,9,-4,0,39,2,0,0,0,0,9,22
Brett Leason,ANH,RW,54,6,3,9,-21,14,51,1,0,0,0,0,35,18
Nils Lundkvist,DAL,D,60,6,10,16,-5,26,94,2,1,2,0,0,49,67
Martin Fehervary,WAS,D,67,6,10,16,-11,31,91,1,0,0,0,0,217,128
Jesse Ylonen,MON,LW,37,6,10,16,-11,0,43,1,1,0,0,0,14,28
Connor Dewar,MIN,C,81,6,12,18,-5,50,87,0,0,0,3,1,124,50
Dylan Guenther,ARI,RW,33,6,9,15,-7,10,53,1,4,2,0,0,18,11
Jake Neighbours,STL,LW,43,6,4,10,-19,24,53,1,1,1,0,0,63,21
Braden Schneider,NYR,D,81,5,13,18,9,16,79,1,0,0,0,0,147,130
Arber Xhekaj,MON,D,51,5,8,13,-9,101,75,0,2,1,0,0,159,46
Pontus Holmberg,TOR,LW,37,5,8,13,0,18,27,2,1,0,0,0,24,18
Moritz Seider,DET,D,82,5,37,42,-11,40,140,1,1,14,1,1,207,190
Philip Tomasino,NSH,C,31,5,13,18,5,6,54,0,4,2,0,0,28,16
Elmer Soderblom,DET,LW,21,5,3,8,0,8,30,2,0,0,0,0,21,11
Drew O'Connor,PIT,C,46,5,6,11,-3,12,62,0,0,0,0,0,63,14
Pierre-Olivier Joseph,PIT,D,75,5,16,21,8,44,108,1,1,2,0,0,88,36
Mathieu Olivier,CLS,RW,66,5,10,15,-20,81,75,1,0,0,0,0,178,58
Mikey Eyssimont,TB,C,54,5,10,15,3,63,124,0,0,0,0,0,107,19
Nick Perbix,TB,D,69,5,15,20,11,22,111,2,0,0,0,0,73,65
Sebastian Aho,NYI,D,71,5,18,23,9,22,89,0,0,2,0,0,38,69
Mikey Anderson,LA,D,77,5,15,20,20,40,90,1,1,0,0,1,162,129
Zach Whitecloud,VGK,D,59,5,7,12,10,41,64,1,0,0,0,0,90,97
Adam Boqvist,CLS,D,46,5,19,24,-12,8,68,1,0,9,0,0,23,47
Mason Appleton,WPG,C,41,5,11,16,2,8,71,0,1,0,0,0,47,11
A.J. Greer,BOS,LW,61,5,7,12,9,114,66,1,0,0,0,0,101,25
Boris Katchouk,CHI,LW,58,5,11,16,-10,27,68,2,0,0,0,1,85,15
Jesse Puljujarvi,CAR,RW,75,5,11,16,-13,32,125,1,0,0,0,0,139,26
Luke Kunin,SJ,C,31,5,8,13,-9,32,58,0,2,2,0,0,63,27
Connor Clifton,BOS,D,78,5,18,23,20,60,93,0,0,0,1,0,208,120
Brett Pesce,CAR,D,82,5,25,30,11,43,144,2,1,3,0,2,37,110
Ryan Pulock,NYI,D,82,5,21,26,10,14,126,1,1,4,0,0,140,128
Patrick Maroon,TB,LW,80,5,9,14,-5,150,62,0,0,1,0,0,172,12
Ryan Reaves,MIN,RW,73,5,10,15,-6,43,48,0,0,0,0,0,196,24
Derek Stepan,CAR,C,73,5,6,11,8,8,98,0,0,0,0,1,29,21
Derek Forbort,BOS,D,54,5,7,12,12,23,38,2,0,0,2,0,106,88
Jeff Petry,PIT,D,61,5,26,31,2,24,113,0,2,7,0,0,190,111
Ben Chiarot,DET,D,76,5,14,19,-31,51,110,0,0,0,0,0,147,164
Nick Jensen,WAS,D,77,5,24,29,-1,18,109,0,0,0,0,1,107,128
Derek Grant,ANH,C,46,5,13,18,-4,26,72,0,0,2,0,0,36,26
Scott Harrington,ANH,D,45,4,7,11,-6,10,33,1,0,0,0,0,51,78
Nick Seeler,PHI,D,77,4,10,14,1,56,84,0,0,0,0,1,126,161
Josh Leivo,STL,LW,51,4,12,16,0,25,91,0,0,0,0,0,55,13
Matt Grzelcyk,BOS,D,75,4,22,26,46,28,102,2,0,0,0,0,51,78
Colton Parayko,STL,D,79,4,23,27,-19,30,133,1,0,2,0,1,115,144
Teddy Blueger,VGK,C,63,4,12,16,-9,30,85,1,0,0,0,1,71,47
Matt Dumba,MIN,D,79,4,10,14,-8,81,99,2,0,0,0,0,104,116
Brad Hunt,COL,D,47,4,6,10,4,12,46,0,0,0,0,0,16,10
Morgan Rielly,TOR,D,65,4,37,41,-9,21,126,1,1,16,0,0,70,85
Mark Giordano,TOR,D,78,4,20,24,27,53,107,1,0,0,1,0,60,147
Luke Schenn,TOR,D,70,4,18,22,8,84,81,0,0,0,0,2,318,98
Kevin Shattenkirk,ANH,D,75,4,23,27,-20,56,145,0,1,7,0,0,79,115
Josh Brown,ARI,D,68,4,3,7,-18,87,68,0,0,0,0,0,152,118
MacKenzie Weegar,CGY,D,81,4,27,31,15,43,160,1,0,3,0,1,186,117
Saku Maenalanen,WPG,LW,64,4,6,10,0,16,61,0,0,0,0,0,113,31
Pierre-Edouard Bellemare,TB,C,73,4,9,13,-9,34,51,0,0,0,0,2,67,48
Patrick Brown,OTT,C,61,4,8,12,-2,44,60,0,0,0,1,0,167,42
Nicolas Aube-Kubel,WAS,C,53,4,8,12,1,40,67,0,0,0,0,0,117,9
Michael McLeod,NJ,C,80,4,22,26,6,43,90,1,0,0,0,1,127,51
Dylan Gambrell,OTT,C,60,4,6,10,-4,25,46,0,0,0,0,2,60,45
Josh Mahura,FLA,D,82,4,12,16,17,48,78,1,0,0,0,0,101,70
Jonas Siegenthaler,NJ,D,80,4,17,21,27,44,84,1,1,0,0,0,101,151
John Marino,NJ,D,64,4,14,18,21,20,67,0,0,0,0,1,44,81
Caleb Jones,CHI,D,73,4,12,16,-19,40,86,1,1,3,0,0,116,118
Martin Kaut,SJ,RW,36,4,4,8,-4,4,44,1,1,0,0,0,23,5
Cole Guttman,CHI,C,14,4,2,6,1,2,26,1,0,0,0,0,4,8
Mario Ferraro,SJ,D,72,4,7,11,-31,24,66,0,0,1,0,0,129,145
Mackenzie Entwistle,CHI,RW,66,4,6,10,-11,14,50,0,0,1,0,0,126,28
Jack Studnicka,VAN,C,48,4,4,8,-12,16,65,1,0,0,0,0,61,19
Vitali Kravtsov,VAN,RW,44,4,4,8,3,10,43,0,1,2,0,0,28,15
Zack MacEwen,LA,C,56,4,6,10,-11,66,73,3,0,0,0,0,150,29
Juuso Valimaki,ARI,D,78,4,30,34,-10,59,93,1,1,11,0,0,53,98
Cole Smith,NSH,LW,69,4,13,17,-3,60,64,1,0,0,0,2,198,25
Yegor Chinakhov,CLS,RW,30,4,9,13,-6,10,44,0,1,1,0,0,27,17
Jake Sanderson,OTT,D,77,4,28,32,-6,12,132,0,2,15,0,0,43,147
Alexei Protas,WAS,C,58,4,11,15,-8,12,83,0,0,0,0,0,39,15
Reese Johnson,CHI,RW,57,4,2,6,-15,38,54,1,0,0,0,0,178,23
Vasily Podkolzin,VAN,RW,39,4,3,7,-5,9,41,0,0,0,0,0,52,15
Jakub Lauko,BOS,C,23,4,3,7,2,11,17,1,0,0,0,0,44,6
Jordan Harris,MON,D,65,4,13,17,-3,26,70,0,0,1,0,0,53,98
Isac Lundestrom,ANH,LW,61,4,10,14,-13,2,60,0,0,0,1,0,20,43
Ben Meyers,COL,LW,39,4,0,4,-6,6,33,0,0,0,0,0,25,13
Nick Blankenburg,CLS,D,36,4,10,14,-16,16,50,1,0,4,0,0,61,49
Owen Power,BUF,D,79,4,31,35,10,24,130,1,0,8,0,1,27,86
Kaiden Guhle,MON,D,44,4,14,18,-19,27,48,0,0,0,0,0,84,77
Justin Barron,MON,D,39,4,11,15,-2,20,40,1,1,1,1,0,49,38
Juraj Slafkovsky,MON,LW,39,4,6,10,-13,33,42,0,1,1,0,0,53,24
Nils Aman,VAN,C,68,4,12,16,-12,18,50,1,0,0,0,2,44,41
Tyson Foerster,PHI,RW,8,3,4,7,2,8,15,0,0,1,0,0,12,10
Dylan Holloway,EDM,C,51,3,6,9,0,27,44,1,0,0,0,0,83,16
Cole Sillinger,CLS,C,64,3,8,11,-23,22,93,0,2,1,0,0,105,36
Marcus Bjork,CLS,D,33,3,8,11,-9,42,34,0,1,5,0,0,45,47
Calen Addison,MIN,D,62,3,26,29,-17,22,77,1,0,18,0,0,19,38
Simon Benoit,ANH,D,78,3,7,10,-29,60,82,0,0,0,0,0,216,128
Alexander Holtz,NJ,RW,19,3,1,4,-6,8,21,0,2,0,0,0,6,4
Connor Mackey,ARI,D,30,3,4,7,-4,48,31,0,0,0,0,0,61,29
Quinton Byfield,LA,C,53,3,19,22,13,30,74,0,1,0,0,0,53,16
Nikita Alexandrov,STL,C,28,3,4,7,0,8,28,0,0,0,0,0,28,13
Jakob Pelletier,CGY,LW,24,3,4,7,-5,2,48,1,2,1,0,0,15,14
Nils Hoglander,VAN,LW,25,3,6,9,-4,6,29,0,0,0,0,0,21,8
Henri Jokiharju,BUF,D,60,3,10,13,-12,30,79,0,0,0,0,0,63,58
Nicolas Hague,VGK,D,81,3,14,17,7,51,103,1,0,0,0,0,117,133
Jan Rutta,PIT,D,56,3,6,9,3,30,64,0,0,0,0,0,71,70
Jonah Gadjovich,SJ,LW,35,3,4,7,-3,57,32,0,0,0,0,0,92,5
Johnny Kovacevic,MON,D,77,3,12,15,3,39,92,0,0,0,0,0,93,86
Sean Walker,LA,D,70,3,10,13,-3,36,94,1,0,1,0,0,77,104
Karson Kuhlman,WPG,C,47,3,4,7,-4,8,48,2,0,0,0,0,41,18
Jordan Gross,NSH,D,15,3,0,3,-3,2,24,0,1,0,0,0,10,16
Rasmus Kupari,LA,C,66,3,12,15,-5,12,53,0,0,0,0,1,80,34
Filip Zadina,DET,RW,30,3,4,7,-5,10,51,2,0,0,0,0,22,15
Mathieu Joseph,OTT,RW,56,3,15,18,5,36,66,0,1,2,2,1,80,28
Ethan Bear,VAN,D,61,3,13,16,6,25,75,1,0,0,0,1,39,82
Will Borgen,SEA,D,82,3,17,20,11,47,76,1,0,0,0,0,203,89
Anthony Richard,MON,C,13,3,2,5,2,6,13,1,0,0,0,0,25,3
Rudolfs Balcers,TB,LW,17,3,2,5,-1,4,24,0,0,0,0,0,7,4
Lane Pederson,CLS,C,27,3,3,6,-1,26,27,0,0,0,0,0,68,11
Brandon Carlo,BOS,D,75,3,13,16,44,38,94,0,0,0,0,2,128,116
Jeremy Lauzon,NSH,D,67,3,9,12,-11,66,77,0,0,0,0,1,250,75
Jansen Harkins,WPG,C,22,3,2,5,4,12,18,0,0,0,0,0,16,11
Kieffer Bellows,PHI,LW,28,3,0,3,-8,6,32,1,0,0,0,0,48,10
Dryden Hunt,CGY,LW,37,3,0,3,-10,24,23,0,0,0,0,0,100,4
Artem Zub,OTT,D,53,3,7,10,2,39,41,0,0,0,0,0,131,67
Troy Stecher,CGY,D,81,3,11,14,-6,44,88,1,0,0,0,0,70,92
Jacob Middleton,MIN,D,79,3,12,15,15,72,79,0,0,0,0,1,115,155
Liam O'Brien,ARI,C,56,3,8,11,-5,114,39,0,0,0,0,0,203,28
Zach Werenski,CLS,D,13,3,5,8,-6,0,41,0,0,2,0,0,5,24
Austin Czarnik,DET,C,29,3,2,5,-4,8,27,0,0,1,0,0,16,13
Carson Soucy,SEA,D,78,3,13,16,18,68,87,0,0,0,0,1,143,96
Curtis Lazar,NJ,C,49,3,2,5,-6,21,55,0,0,0,0,0,138,53
Ian Cole,TB,D,78,3,14,17,13,61,109,0,0,0,0,0,117,123
Max Pacioretty,CAR,LW,5,3,0,3,0,2,16,0,1,0,0,0,4,1
Ryan Suter,DAL,D,82,3,22,25,0,26,92,1,0,4,0,1,81,115
Marc Staal,FLA,D,82,3,12,15,10,43,55,0,0,0,0,0,152,122
Alec Martinez,VGK,D,77,3,11,14,30,29,76,2,0,0,1,0,48,244
Dmitry Kulikov,PIT,D,67,3,13,16,-13,34,84,0,0,0,0,0,96,108
David Savard,MON,D,62,3,17,20,-14,40,63,1,0,0,0,1,61,176
Sam Carrick,ANH,C,52,3,4,7,-17,86,50,0,0,0,0,0,98,24
Luke Glendening,DAL,C,70,3,3,6,-9,50,65,0,0,0,2,0,114,60
Chris Tierney,MON,C,36,3,7,10,-8,6,19,0,0,0,0,1,15,21
Jake McCabe,TOR,D,76,3,22,25,19,56,96,1,0,0,0,0,163,151
Brett Kulak,EDM,D,82,3,17,20,12,41,114,0,0,0,0,3,105,106
Ben Hutton,VGK,D,31,3,5,8,1,6,52,0,0,1,0,0,18,34
Rasmus Ristolainen,PHI,D,74,3,17,20,-4,32,86,0,1,4,1,2,162,142
Lukas Sedlak,FA,C,30,3,5,8,4,12,44,0,0,0,0,1,58,31
Jonas Brodin,MIN,D,60,3,11,14,13,30,90,0,0,0,0,2,50,130
Brenden Dillon,WPG,D,82,2,21,23,2,76,83,0,0,0,0,1,198,108
Josh Manson,COL,D,27,2,8,10,13,42,41,2,0,0,0,0,64,41
Colin Blackwell,CHI,C,53,2,8,10,-16,6,53,0,0,0,0,1,49,17
Joel Edmundson,MON,D,61,2,11,13,-29,58,69,0,0,0,0,1,112,149
Jonathan Drouin,MON,C,58,2,27,29,-18,18,69,0,0,9,0,0,29,23
Vinnie Hinostroza,BUF,RW,26,2,9,11,-1,6,38,1,0,0,0,1,1,7
Jayson Megna,ANH,LW,55,2,6,8,-21,6,36,0,0,0,0,0,47,23
Justin Holl,TOR,D,80,2,16,18,15,39,60,1,0,0,0,0,151,139
Radko Gudas,FLA,D,72,2,15,17,14,79,110,0,0,0,0,0,312,124
Jon Merrill,MIN,D,73,2,10,12,-2,38,43,0,0,0,0,0,47,107
Jarred Tinordi,CHI,D,44,2,6,8,-17,40,32,1,0,0,0,0,139,68
Nick Leddy,STL,D,78,2,21,23,4,20,79,1,0,0,0,0,43,96
Calvin de Haan,CAR,D,53,2,10,12,7,20,51,0,0,0,0,0,84,49
Zack Kassian,ARI,RW,51,2,0,2,-18,50,25,0,0,0,0,0,32,8
Oliver Ekman-Larsson,VAN,D,54,2,20,22,-24,22,90,0,0,4,0,1,58,43
Robert Bortuzzo,STL,D,43,2,3,5,9,29,30,0,0,0,0,0,64,49
T.J. Brodie,TOR,D,58,2,12,14,10,14,58,0,0,0,0,1,47,111
Zac Dalpe,FLA,C,14,2,2,4,-4,2,17,0,0,0,0,0,15,6
Matt Irwin,WAS,D,61,2,3,5,-8,36,79,0,0,0,0,0,117,75
Jack Johnson,COL,D,83,2,6,8,-15,28,92,0,0,0,0,2,117,127
Alexander Edler,LA,D,64,2,9,11,-1,34,56,1,0,0,0,0,106,104
Alex Goligoski,MIN,D,46,2,4,6,-9,16,63,2,0,1,0,0,33,67
Ryan McDonagh,NSH,D,71,2,18,20,12,22,78,1,0,0,0,0,63,165
Nick Holden,OTT,D,65,2,14,16,0,10,73,0,0,0,0,1,79,69
Michael McCarron,NSH,C,32,2,2,4,-3,24,39,0,0,0,0,1,75,20
John Hayden,SEA,C,7,2,0,2,2,7,9,0,0,0,0,0,4,3
Anthony Duclair,FLA,LW,20,2,7,9,4,2,43,0,0,0,0,0,20,9
Zach Sanford,NSH,LW,16,2,1,3,-3,4,20,1,0,0,0,0,21,21
Robert Hagg,DET,D,38,2,5,7,-5,26,40,0,0,0,0,0,111,47
Nathan Walker,STL,C,56,2,8,10,10,25,43,1,0,0,0,0,82,35
Kyle Burroughs,VAN,D,48,2,3,5,-4,62,47,0,0,0,0,0,165,84
Jordan Oesterle,DET,D,52,2,9,11,-9,19,54,0,0,0,0,0,41,68
Jake Evans,MON,LW,54,2,17,19,-5,28,55,0,1,0,0,2,27,41
Anders Bjork,CHI,LW,14,2,6,8,4,2,15,0,0,0,0,0,8,4
Brendan Lemieux,PHI,LW,45,2,7,9,-3,74,44,0,0,0,0,0,131,15
Ilya Lyubushkin,BUF,D,68,2,12,14,-2,38,41,1,0,0,1,1,99,104
Logan Brown,STL,C,30,2,4,6,-4,8,18,0,0,0,0,0,22,7
Dante Fabbro,NSH,D,79,2,9,11,-4,50,101,0,0,1,0,0,113,129
Rasmus Asplund,NSH,C,46,2,6,8,-6,4,54,0,0,0,1,0,23,11
Erik Cernak,TB,D,70,2,14,16,8,53,87,0,0,0,1,1,209,100
Kyle Capobianco,WPG,D,14,2,0,2,1,6,14,1,0,0,0,0,12,6
Alexandre Carrier,NSH,D,43,2,7,9,0,27,48,1,0,0,0,0,57,67
Daniil Miromanov,VGK,D,14,2,4,6,-6,2,22,0,1,2,0,0,7,13
Dylan Samberg,WPG,D,63,2,6,8,10,25,49,0,0,0,0,1,91,93
Robin Salo,NYI,D,11,2,2,4,1,4,9,0,0,0,0,0,6,13
Jacob Peterson,SJ,LW,12,2,6,8,-12,4,21,0,2,0,0,0,12,5
Cal Foote,NSH,D,50,2,5,7,6,63,39,0,0,0,0,0,58,52
Erik Brannstrom,OTT,D,74,2,16,18,5,38,74,0,0,1,0,0,49,103
Conor Timmins,TOR,D,27,2,12,14,-1,8,19,1,0,4,0,0,23,18
Josh Norris,OTT,C,8,2,1,3,-1,6,15,0,0,0,0,0,7,6
Matt Luff,DET,RW,19,2,2,4,-4,0,20,0,0,0,0,0,22,9
Justin Danforth,CLS,RW,6,2,1,3,-3,4,10,0,0,0,0,0,7,1
Gavin Bayreuther,CLS,D,51,2,12,14,-18,23,61,0,0,1,0,0,54,71
Michael Carcone,ARI,C,9,2,1,3,3,2,15,0,0,0,0,0,16,1
Tanner Laczynski,PHI,C,32,2,2,4,-5,2,23,0,0,0,0,0,30,10
Samuel Bolduc,NYI,D,17,2,1,3,5,2,20,1,0,0,0,0,26,16
Samuel Fagemo,LA,LW,9,2,1,3,-4,0,5,0,0,0,0,0,5,6
Cam York,PHI,D,54,2,18,20,-1,18,42,0,0,3,0,1,44,69
Aatu Raty,VAN,C,15,2,1,3,0,4,16,0,0,0,0,0,19,5
Nick Robertson,TOR,LW,15,2,3,5,2,0,27,1,0,0,0,0,18,7
Joe Snively,WAS,LW,12,2,2,4,3,0,16,0,0,0,0,0,4,6
Alexander Romanov,NYI,D,76,2,20,22,13,43,100,0,0,0,0,1,198,129
Jack Drury,CAR,C,38,2,6,8,3,14,69,1,0,1,0,0,12,16
Mattias Samuelsson,BUF,D,55,2,8,10,14,20,76,0,0,0,0,1,107,91
Kevin Bahl,NJ,D,42,2,6,8,4,35,27,0,0,0,0,0,64,38
Simon Edvinsson,DET,D,9,2,0,2,-7,12,5,0,0,0,0,0,11,8
William Eklund,SJ,LW,8,2,1,3,-5,6,18,0,0,1,0,0,7,6
Ridly Greig,OTT,C,20,2,7,9,1,12,30,0,0,3,0,0,33,3
Matt Kiersted,FLA,D,20,1,3,4,4,6,14,0,0,0,0,0,13,7
Isaak Phillips,CHI,D,16,1,4,5,-10,5,16,0,0,0,0,0,27,6
Danil Gushchin,SJ,RW,2,1,1,2,-1,0,8,0,1,1,0,0,0,5
Sean Farrell,MON,LW,6,1,0,1,-2,0,8,0,0,0,0,0,0,2
Luke Hughes,NJ,D,2,1,1,2,0,0,2,1,0,0,0,0,1,3
Filip Roos,CHI,D,17,1,2,3,-5,4,19,0,0,0,0,0,14,20
Cole McWard,VAN,D,5,1,0,1,0,0,6,0,0,0,0,0,5,6
Pavol Regenda,ANH,LW,14,1,2,3,-3,4,17,0,0,0,0,0,8,13
Lucas Condotta,MON,LW,1,1,0,1,0,0,5,0,0,0,0,0,3,0
Shane Wright,SEA,C,8,1,1,2,4,2,4,0,0,0,0,0,1,6
Egor Sokolov,OTT,LW,5,1,1,2,2,0,5,1,0,0,0,0,5,2
Jake Lucchini,OTT,LW,11,1,0,1,-2,0,14,1,1,0,0,0,16,1
Joona Luoto,CLS,RW,7,1,0,1,-7,0,7,0,0,0,0,0,11,3
Milos Kelemen,ARI,LW,14,1,0,1,-5,23,12,0,0,0,0,0,26,6
Nikolai Knyzhov,SJ,D,12,1,0,1,-13,8,10,0,0,0,0,0,11,16
Tim Berni,CLS,D,59,1,2,3,-26,34,58,0,0,0,0,0,122,74
John Leonard,NSH,C,6,1,0,1,0,2,4,1,0,0,0,0,4,4
Cole Koepke,TB,LW,17,1,0,1,-5,2,12,0,0,0,0,0,32,5
Tyler Tucker,STL,D,26,1,3,4,-9,31,21,0,0,0,0,0,50,26
Trey Fix-Wolansky,CLS,RW,9,1,0,1,-5,0,19,0,0,0,0,0,11,8
Aidan McDonough,VAN,LW,6,1,0,1,-2,2,4,0,0,0,0,0,7,2
Tyler Angle,CLS,LW,2,1,0,1,-2,0,5,0,0,0,0,0,2,0
Lukas Rousek,BUF,LW,2,1,1,2,2,0,3,0,0,0,0,0,0,1
Nikita Nesterenko,ANH,LW,9,1,0,1,-3,0,23,0,0,0,0,0,6,1
Matej Blumel,DAL,LW,6,1,0,1,-2,0,7,0,0,0,0,0,7,2
Radim Zohorna,TOR,RW,10,1,0,1,-1,0,9,0,0,0,0,0,7,2
Philip Broberg,EDM,D,46,1,7,8,6,2,32,0,0,0,0,0,28,35
Nikita Okhotyuk,SJ,D,10,1,0,1,1,2,6,1,0,0,0,0,31,9
Zac Jones,NYR,D,16,1,1,2,-2,4,15,1,0,0,0,0,5,16
Egor Afanasyev,NSH,LW,17,1,0,1,-7,2,21,0,0,0,0,0,23,13
Drew Helleson,ANH,D,3,1,0,1,0,2,4,0,0,0,0,0,2,3
Nolan Foote,NJ,LW,6,1,0,1,2,0,4,0,0,0,0,0,5,3
Oskar Steen,BOS,C,3,1,0,1,0,0,5,0,0,0,0,0,3,0
Beck Malenstyn,WAS,C,9,1,1,2,0,2,7,1,0,0,0,0,34,5
Riley Stillman,BUF,D,50,1,7,8,-13,36,37,0,0,0,0,0,81,44
Gustav Lindstrom,DET,D,36,1,7,8,-16,20,18,0,0,0,0,0,39,34
Radim Simek,SJ,D,44,1,2,3,-13,29,39,0,0,0,0,0,89,74
Jack Rathbone,VAN,D,11,1,1,2,-1,2,12,0,0,0,0,0,7,7
Jacob Bryson,BUF,D,59,1,8,9,-24,8,27,0,0,0,0,1,34,69
Aleksi Heponiemi,FLA,LW,10,1,2,3,-1,2,6,0,0,0,0,0,2,1
Ian Mitchell,CHI,D,35,1,7,8,-8,8,25,0,0,1,0,0,16,37
Samuel Walker,MIN,RW,9,1,1,2,-1,0,8,0,0,0,0,0,2,1
Parker Kelly,OTT,C,55,1,3,4,-9,37,59,1,0,0,0,1,172,25
David Gust,CHI,RW,4,1,0,1,-2,2,7,0,0,0,0,0,3,1
Lawrence Pilut,BUF,D,17,1,2,3,-4,0,14,1,0,0,0,0,6,16
Ty Smith,PIT,D,9,1,3,4,3,4,27,0,0,3,0,0,19,4
Niko Mikkola,NYR,D,81,1,5,6,6,58,62,0,0,0,0,0,151,106
Austin Wagner,CHI,LW,7,1,1,2,-2,0,13,1,0,0,0,0,19,1
Dennis Gilbert,CGY,D,23,1,3,4,0,27,13,1,0,0,0,0,55,26
Philippe Myers,TB,D,11,1,2,3,0,4,21,0,0,0,0,0,31,6
Nikita Zaitsev,CHI,D,46,1,7,8,-9,20,20,0,0,0,0,0,95,72
Brett Seney,CHI,LW,7,1,0,1,-2,2,9,0,0,0,0,0,11,4
Guillaume Brisebois,VAN,D,17,1,2,3,-2,6,15,0,0,0,0,0,11,27
Travis Dermott,VAN,D,11,1,0,1,-4,2,7,0,0,0,0,0,10,10
Kyle Criscuolo,SJ,C,1,1,0,1,0,0,2,1,0,0,0,0,2,1
Givani Smith,FLA,LW,36,1,3,4,-2,72,30,0,0,0,0,0,67,8
Ryan Lindgren,NYR,D,63,1,17,18,29,45,75,0,0,0,1,1,68,92
Libor Hajek,NYR,D,16,1,0,1,2,4,13,0,0,0,0,0,17,20
Logan Stanley,WPG,D,19,1,2,3,-1,21,11,0,0,0,0,0,44,20
Jake Bean,CLS,D,14,1,5,6,-2,6,16,0,0,1,0,0,13,21
Alexander Nylander,PIT,RW,9,1,1,2,1,6,11,0,0,0,0,0,12,3
Marcus Pettersson,PIT,D,68,1,23,24,4,58,96,0,0,0,0,0,133,131
Mark Friedman,PIT,D,23,1,2,3,2,15,36,0,0,0,0,0,52,22
Fredrik Olofsson,DAL,LW,28,1,3,4,0,2,34,1,0,0,0,0,32,8
Darren Raddysh,TB,D,17,1,2,3,-4,4,25,0,0,0,0,0,25,16
Jacob MacDonald,SJ,D,58,1,7,8,-14,23,75,0,0,1,0,0,69,43
Jakub Zboril,BOS,D,22,1,3,4,-1,6,13,1,0,0,0,0,31,19
Ryan Carpenter,NYR,C,22,1,2,3,-5,10,17,0,0,0,0,0,35,11
Jonny Brodzinski,NYR,RW,17,1,1,2,3,8,27,0,0,0,0,0,9,4
Ben Harpur,NYR,D,42,1,5,6,0,20,34,0,0,0,0,0,63,57
Laurent Dauphin,ARI,C,21,1,0,1,-4,10,25,0,0,0,0,0,17,10
Nicolas Petan,MIN,C,10,1,2,3,0,2,10,0,0,0,0,0,4,5
Zach Bogosian,TB,D,46,1,4,5,-4,42,54,0,0,0,0,0,114,50
Tyler Myers,VAN,D,78,1,16,17,-16,76,100,0,0,0,0,1,93,144
Marco Scandella,STL,D,20,1,1,2,2,6,17,0,0,0,0,0,27,26
Jordie Benn,TOR,D,12,1,1,2,-1,12,13,1,0,0,0,0,31,29
Jakub Voracek,ARI,LW,11,1,5,6,-7,0,17,0,1,0,0,0,2,7
Patric Hornqvist,FLA,RW,22,1,2,3,-4,13,40,1,0,1,0,0,18,8
Marc-Edouard Vlasic,SJ,D,78,1,17,18,-14,16,67,0,0,0,0,0,45,116
Chris Tanev,CGY,D,65,1,12,13,7,21,75,1,0,1,0,0,51,130
Andrew Agozzino,SJ,LW,4,1,2,3,-1,0,9,0,0,0,1,0,12,4
Erik Gudbranson,CLS,D,70,1,12,13,-24,57,102,1,0,0,0,0,119,137
Kurtis MacDermid,COL,D,44,1,5,6,-1,55,20,1,0,0,0,0,86,31
Buddy Robinson,CHI,RW,9,1,2,3,1,4,13,0,0,0,0,0,15,3
Matt Benning,SJ,D,77,1,23,24,-18,26,58,0,0,1,0,1,102,125
Jaycob Megna,SEA,D,54,1,11,12,3,21,56,0,0,0,0,1,86,66
Chad Ruhwedel,PIT,D,47,1,4,5,-4,18,36,0,0,0,0,0,90,51
Tanner Pearson,VAN,LW,14,1,4,5,-9,21,17,0,0,1,0,0,20,3
Devin Shore,EDM,C,47,1,8,9,6,4,33,0,0,0,0,0,46,24
Cody Ceci,EDM,D,80,1,14,15,11,24,88,0,0,0,0,0,139,110
Joseph Cramarossa,FA,C,4,1,0,1,0,4,1,0,0,0,0,0,8,1
Brian Dumoulin,PIT,D,82,1,24,25,-4,16,82,0,0,0,0,2,123,142
Brayden McNabb,VGK,D,82,1,16,17,17,41,89,0,0,0,0,2,201,197
Byron Froese,VGK,C,9,1,1,2,0,4,15,0,0,0,0,0,11,5
Nathan Beaulieu,ANH,D,52,0,4,4,-23,39,33,0,0,0,0,0,49,80
Kevin Gravel,NSH,D,23,0,1,1,-10,4,20,0,0,0,0,0,23,36
Mark Borowiecki,FA,D,4,0,0,0,0,12,1,0,0,0,0,0,5,1
Brad Malone,EDM,C,10,0,0,0,-4,6,7,0,0,0,0,0,26,4
Taylor Fedun,PIT,D,4,0,0,0,0,0,5,0,0,0,0,0,3,4
Chris Wideman,MON,D,46,0,6,6,-6,81,31,0,0,2,0,0,25,51
Mike Reilly,BOS,D,10,0,1,1,0,2,12,0,0,0,0,0,21,10
Steven Fogarty,MIN,C,2,0,0,0,0,0,0,0,0,0,0,0,3,0
Andy Andreoff,NYI,C,3,0,1,1,-3,0,1,0,0,0,0,0,7,1
Ryan Murray,EDM,D,13,0,3,3,-4,4,8,0,0,0,0,0,11,12
Alex Galchenyuk,COL,RW,11,0,0,0,-8,4,8,0,0,0,0,0,10,3
Derrick Pouliot,SJ,D,8,0,2,2,-1,6,4,0,0,0,0,0,10,9
Brendan Gaunce,CLS,C,5,0,1,1,-1,2,9,0,0,0,0,0,4,2
Connor Brown,WAS,RW,4,0,0,0,-3,0,2,0,0,0,0,0,6,1
Charles Hudon,COL,LW,9,0,0,0,-2,2,18,0,0,0,0,0,13,2
Dominic Toninato,WPG,LW,5,0,1,1,0,2,7,0,0,0,0,0,6,2
Connor Carrick,BOS,D,1,0,1,1,3,0,2,0,0,0,0,0,4,0
Dylan McIlrath,WAS,D,6,0,1,1,-6,7,1,0,0,0,0,0,14,7
Riley Sheahan,FA,C,2,0,0,0,-2,4,0,0,0,0,0,0,0,1
Patrik Nemeth,ARI,D,75,0,5,5,-7,30,62,0,0,0,0,0,116,118
Chris Wagner,BOS,RW,1,0,0,0,0,0,0,0,0,0,0,0,6,1
Justin Braun,FA,D,51,0,2,2,-1,19,42,0,0,0,0,0,47,49
Jake Muzzin,TOR,D,4,0,1,1,0,2,8,0,0,0,0,0,11,10
Kyle Clifford,TOR,LW,2,0,1,1,1,2,2,0,0,0,0,0,6,0
Erik Johnson,COL,D,63,0,8,8,8,12,98,0,0,0,0,1,121,102
Darren Helm,COL,C,11,0,0,0,-1,4,10,0,0,0,0,0,16,3
Anton Stralman,BOS,D,8,0,0,0,-3,2,3,0,0,0,0,0,12,10
Brendan Smith,NJ,D,60,0,5,5,3,63,58,0,0,0,0,1,102,76
Wayne Simmonds,TOR,RW,18,0,2,2,1,49,9,0,0,0,0,0,44,7
Jason Demers,EDM,D,1,0,0,0,-1,0,1,0,0,0,0,0,3,3
Gustav Olofsson,SEA,D,3,0,0,0,1,0,6,0,0,0,0,0,2,4
Dillon Heatherington,OTT,D,3,0,0,0,-3,0,1,0,0,0,0,0,2,2
Steve Santini,STL,D,4,0,1,1,0,2,5,0,0,0,0,0,6,10
Tucker Poolman,VAN,D,3,0,1,1,1,0,3,0,0,0,0,0,2,2
Anton Blidh,NYR,LW,14,0,0,0,-2,4,9,0,0,0,0,0,18,2
Jean-Sebastien Dea,ARI,C,4,0,0,0,-2,0,1,0,0,0,0,0,3,1
Ross Johnston,NYI,LW,16,0,2,2,-1,37,2,0,0,0,0,0,34,5
Andreas Johnsson,SJ,LW,13,0,3,3,-6,6,18,0,0,0,0,0,7,5
Joel Hanley,DAL,D,26,0,2,2,5,15,14,0,0,0,0,0,24,28
Haydn Fleury,TB,D,29,0,1,1,-10,14,33,0,0,0,0,0,30,30
Cole Bardreau,NYI,LW,1,0,0,0,0,2,0,0,0,0,0,0,2,0
Nikita Soshnikov,FA,LW,3,0,0,0,-2,0,4,0,0,0,0,0,8,0
Hayden Hodgson,PHI,C,1,0,0,0,0,0,0,0,0,0,0,0,0,0
Ondrej Kase,CAR,RW,1,0,0,0,0,0,0,0,0,0,0,0,1,0
Rourke Chartier,OTT,C,6,0,0,0,0,0,8,0,0,0,0,0,10,3
C.J. Suess,SJ,LW,1,0,0,0,-1,2,0,0,0,0,0,0,1,0
Dysin Mayo,VGK,D,15,0,0,0,-8,8,7,0,0,0,0,0,30,20
Max Willman,PHI,LW,9,0,0,0,-3,4,9,0,0,0,0,0,16,6
Roland McKeown,NSH,D,6,0,0,0,1,8,3,0,0,0,0,0,4,6
Justin Kirkland,ANH,LW,7,0,0,0,-3,0,5,0,0,0,0,0,8,3
Andreas Englund,CHI,D,47,0,4,4,-1,35,31,0,0,0,0,0,133,33
Drake Caggiula,PIT,LW,4,0,0,0,-1,0,2,0,0,0,0,0,6,1
Kevin Rooney,CGY,C,17,0,1,1,-2,7,14,0,0,0,0,0,26,10
Dan Renouf,BOS,D,1,0,0,0,-3,0,5,0,0,0,0,0,1,2
Dennis Cholowski,NYI,D,2,0,0,0,-1,0,0,0,0,0,0,0,0,1
Henrik Borgstrom,WAS,C,1,0,0,0,0,0,0,0,0,0,0,0,0,0
Lucas Johansen,WAS,D,2,0,0,0,0,0,3,0,0,0,0,0,0,3
Riley Tufte,DAL,LW,3,0,0,0,-1,0,1,0,0,0,0,0,6,0
Kale Clague,BUF,D,33,0,4,4,-3,24,24,0,0,0,0,0,24,24
Tyler Benson,EDM,LW,2,0,0,0,0,0,0,0,0,0,0,0,2,0
Casey Fitzgerald,FLA,D,27,0,3,3,-2,4,13,0,0,0,0,0,35,12
Fredrik Karlstrom,DAL,C,5,0,0,0,1,0,6,0,0,0,0,0,1,1
Victor Mete,TOR,D,11,0,2,2,3,4,7,0,0,0,0,0,3,9
Mikhail Maltsev,COL,C,5,0,0,0,0,0,4,0,0,0,0,0,4,2
Lucas Carlsson,FLA,D,2,0,0,0,-1,2,2,0,0,0,0,0,3,1
Jacob Moverare,LA,D,2,0,0,0,-1,0,6,0,0,0,0,0,3,4
Markus Niemelainen,EDM,D,23,0,0,0,3,4,16,0,0,0,0,0,61,16
William Lockwood,NYR,RW,13,0,1,1,-7,0,12,0,0,0,0,0,37,13
Frederic Allard,MON,D,3,0,0,0,2,0,6,0,0,0,0,0,0,2
Will Bitten,STL,C,4,0,1,1,1,0,0,0,0,0,0,0,10,0
Gabriel Carlsson,WAS,D,6,0,2,2,-1,0,3,0,0,0,0,0,4,1
Noah Juulsen,VAN,D,12,0,0,0,1,6,5,0,0,0,0,0,43,16
Jacob Larsson,OTT,D,7,0,0,0,0,6,4,0,0,0,0,0,7,6
Bokondji Imama,ARI,LW,5,0,0,0,-2,5,0,0,0,0,0,0,13,2
Dakota Mermis,MIN,D,2,0,0,0,-1,0,1,0,0,0,0,0,2,3
Luke Philp,CHI,C,3,0,1,1,0,2,0,0,0,0,0,0,4,0
Colton White,ANH,D,46,0,6,6,-17,8,30,0,0,0,0,0,34,37
Glenn Gawdin,ANH,C,3,0,0,0,-1,0,3,0,0,0,0,0,4,3
Christian Wolanin,VAN,D,16,0,3,3,5,4,16,0,0,1,0,0,4,11
Parker Wotherspoon,NYI,D,12,0,1,1,5,4,10,0,0,0,0,0,8,7
Sheldon Rempal,VGK,LW,1,0,0,0,-2,0,0,0,0,0,0,0,0,0
Grigori Denisenko,FLA,LW,18,0,3,3,-5,4,16,0,0,0,0,0,20,8
Austin Strand,BUF,D,5,0,0,0,-2,2,5,0,0,0,0,0,5,4
Nick Swaney,MIN,RW,1,0,0,0,0,0,0,0,0,0,0,0,3,0
Alex Barre-Boulet,TB,C,1,0,0,0,0,0,1,0,0,0,0,0,0,0
Jake Leschyshyn,NYR,C,35,0,0,0,-10,8,31,0,0,0,0,0,55,11
Dmitri Samorukov,STL,D,2,0,0,0,-1,2,1,0,0,0,0,0,0,2
Cale Fleury,SEA,D,12,0,1,1,0,2,10,0,0,0,0,0,28,13
Jonas Rondbjerg,VGK,RW,13,0,1,1,-5,4,15,0,0,0,0,0,2,7
Marian Studenic,DAL,RW,3,0,0,0,-1,0,4,0,0,0,0,0,3,0
Arnaud Durandeau,NYI,LW,4,0,0,0,1,2,9,0,0,0,0,0,3,2
Olle Lycksell,PHI,RW,8,0,1,1,-3,8,5,0,0,0,0,0,1,7
Carson Meyer,CLS,RW,14,0,1,1,-2,6,17,0,0,0,0,0,26,6
Lias Andersson,LA,LW,1,0,0,0,-1,0,1,0,0,0,0,0,2,0
Shane Bowers,BOS,C,1,0,0,0,0,0,1,0,0,0,0,0,0,0
Urho Vaakanainen,ANH,D,23,0,2,2,-16,0,27,0,0,0,0,0,18,28
Otto Koivula,NYI,C,8,0,2,2,1,4,5,0,0,0,0,0,6,4
Max Lajoie,CAR,D,3,0,0,0,0,0,2,0,0,0,0,0,2,0
Joona Koppanen,BOS,LW,5,0,1,1,0,4,2,0,0,0,0,0,8,2
Matthew Phillips,CGY,C,2,0,0,0,0,2,1,0,0,0,0,0,0,0
Vincent Desharnais,EDM,D,36,0,5,5,14,31,17,0,0,0,0,1,45,48
Jeremy Davies,BUF,D,1,0,0,0,0,2,1,0,0,0,0,0,0,1
Vinni Lettieri,BOS,C,1,0,0,0,-1,0,1,0,0,0,0,0,3,0
Nick DeSimone,CGY,D,4,0,0,0,-4,2,4,0,0,0,0,0,2,4
Matthew Highmore,STL,C,2,0,0,0,1,0,2,0,0,0,0,0,4,0
Dylan Coghlan,CAR,D,17,0,3,3,-1,2,29,0,0,0,0,0,11,9
Jeffrey Viel,SJ,LW,4,0,0,0,0,2,4,0,0,0,0,0,6,2
Jackson LaCombe,ANH,D,2,0,0,0,-1,0,1,0,0,0,0,0,1,9
Kaedan Korczak,VGK,D,10,0,2,2,-3,0,16,0,0,0,0,0,25,8
Alex Vlasic,CHI,D,6,0,1,1,-1,0,4,0,0,0,0,0,5,9
Ronnie Attard,PHI,D,2,0,0,0,0,0,5,0,0,0,0,0,3,2
Adam Beckman,MIN,LW,9,0,0,0,-2,0,12,0,0,0,0,0,3,2
Vladislav Kolyachonok,ARI,D,2,0,0,0,0,0,2,0,0,0,0,0,2,2
Victor Soderstrom,ARI,D,30,0,9,9,-3,24,31,0,0,3,0,0,17,39
Connor McMichael,WAS,C,6,0,0,0,0,5,2,0,0,0,0,0,2,3
Thomas Harley,DAL,D,6,0,2,2,5,2,8,0,0,0,0,0,1,8
Lassi Thomson,OTT,D,2,0,0,0,-2,4,1,0,0,0,0,0,2,0
Ville Heinola,WPG,D,10,0,1,1,-5,2,5,0,0,0,0,0,7,7
Samuel Poulin,PIT,RW,3,0,1,1,-3,2,2,0,0,1,0,0,3,1
Tobias Bjornfot,LA,D,10,0,1,1,1,6,10,0,0,0,0,0,12,11
Justin Richards,CLS,C,2,0,1,1,-1,0,0,0,0,0,0,0,4,0
Samuel Knazko,CLS,D,2,0,0,0,0,0,0,0,0,0,0,0,0,1
Adam Raska,SJ,LW,3,0,0,0,0,0,1,0,0,0,0,0,13,2
Henry Thrun,SJ,D,8,0,2,2,-3,0,7,0,0,0,0,0,4,9
Nick Abruzzese,TOR,C,2,0,2,2,1,0,2,0,0,1,0,0,1,0
Maxence Guenette,OTT,D,1,0,0,0,-1,0,2,0,0,0,0,0,1,1
Corey Schueneman,MON,D,7,0,1,1,1,0,8,0,0,0,0,0,4,12
Jamie Drysdale,ANH,D,8,0,0,0,-3,2,8,0,0,0,0,0,7,6
Jordan Spence,LA,D,6,0,1,1,1,0,6,0,0,0,0,0,3,3
Tyce Thompson,NJ,C,2,0,0,0,-1,0,1,0,0,0,0,0,0,2
Michael Kesselring,ARI,D,9,0,3,3,-1,6,8,0,0,0,0,0,12,7
Mac Hollowell,TOR,D,6,0,2,2,3,2,4,0,0,0,0,0,3,6
Joel Teasdale,MON,LW,2,0,1,1,-2,0,1,0,0,0,0,0,2,1
Jake Christiansen,CLS,D,24,0,4,4,-7,4,25,0,0,1,0,0,20,23
Brayden Pachal,VGK,D,10,0,2,2,2,8,18,0,0,0,0,0,27,12
Kristian Reichel,WPG,C,2,0,1,1,0,0,1,0,0,0,0,0,2,0
Alex Turcotte,LA,C,4,0,0,0,-2,5,2,0,0,0,0,0,1,0
Taro Hirose,DET,LW,3,0,0,0,-2,2,2,0,0,0,0,0,1,2
Egor Zamula,PHI,D,14,0,4,4,0,2,8,0,0,0,0,0,9,13
Filip Hallander,PIT,C,2,0,0,0,0,0,0,0,0,0,0,0,1,3
Gabriel Fortier,TB,LW,1,0,0,0,0,0,0,0,0,0,0,0,1,0
David Gustafsson,WPG,C,46,0,6,6,2,6,45,0,0,0,0,1,25,18
Semyon Der-Arguchintsev,TOR,C,1,0,0,0,1,0,0,0,0,0,0,0,0,0
Jan Jenik,ARI,C,2,0,0,0,0,4,0,0,0,0,0,0,4,2
Alec Regula,CHI,D,4,0,0,0,-3,4,2,0,0,0,0,0,4,8
Sampo Ranta,COL,LW,6,0,0,0,0,4,5,0,0,0,0,0,10,3
Nathan Smith,ARI,C,4,0,0,0,-1,4,2,0,0,0,0,0,6,3
Johnny Gruden,PIT,LW,3,0,0,0,0,0,0,0,0,0,0,0,4,1
Spencer Stastney,NSH,D,8,0,2,2,5,2,9,0,0,0,0,1,2,9
Hugh McGing,STL,LW,1,0,0,0,0,0,0,0,0,0,0,0,0,0
Filip Kral,TOR,D,2,0,0,0,0,2,1,0,0,0,0,0,2,1
Damien Giroux,MIN,C,1,0,1,1,0,2,0,0,0,0,0,0,2,1
Alexander Alexeyev,WAS,D,32,0,5,5,-2,4,28,0,0,0,0,0,33,48
Jacob Bernard-Docker,OTT,D,19,0,1,1,-2,11,22,0,0,0,0,0,23,27
Benoit-Olivier Groulx,ANH,C,2,0,0,0,0,0,2,0,0,0,0,0,0,0
Adam Ginning,PHI,D,1,0,0,0,0,2,0,0,0,0,0,0,2,2
Marc McLaughlin,BOS,C,2,0,0,0,-1,2,3,0,0,0,0,0,2,0
James Hamblin,EDM,C,10,0,0,0,-3,2,12,0,0,0,0,0,2,1
Callahan Burke,COL,C,2,0,0,0,-1,0,2,0,0,0,0,0,1,2
Nick Cicek,SJ,D,16,0,4,4,-7,15,3,0,0,0,0,0,28,21
Bobby McMann,TOR,C,10,0,1,1,-2,2,18,0,0,0,0,0,17,0
Anton Levtchi,FA,LW,2,0,0,0,0,0,1,0,0,0,0,0,0,0
Owen Beck,MON,C,1,0,0,0,-1,0,0,0,0,0,0,0,0,1
Hunter McKown,CLS,C,12,0,2,2,-4,8,13,0,0,0,0,0,12,5
Akito Hirose,VAN,D,7,0,3,3,-1,4,4,0,0,2,0,0,6,6
Jake Livingstone,NSH,D,5,0,1,1,-2,2,3,0,0,0,0,0,6,11
Matthew Coronato,CGY,LW,1,0,0,0,1,2,4,0,0,0,0,0,1,0
Vincent Iorio,WAS,D,3,0,1,1,0,0,3,0,0,0,0,0,2,3
Matthew Knies,TOR,LW,3,0,1,1,1,2,4,0,0,0,0,0,2,2
Billy Sweezey,CLS,D,9,0,1,1,-3,9,3,0,0,0,0,0,39,20
Brandt Clarke,LA,D,9,0,2,2,-1,6,11,0,0,1,0,0,3,14
Jesper Froden,SEA,RW,14,0,4,4,4,6,10,0,0,0,0,0,11,6
Jackson Cates,PHI,C,5,0,0,0,0,0,4,0,0,0,0,0,3,1
Elliot Desnoyers,PHI,C,4,0,0,0,-2,0,3,0,0,0,0,0,9,4
Wyatt Kaiser,CHI,D,9,0,3,3,-4,4,14,0,0,0,0,0,5,10
Mikael Pyyhtia,CLS,LW,2,0,1,1,-2,2,2,0,0,1,0,0,0,2
Oskar Olausson,COL,LW,1,0,0,0,0,0,0,0,0,0,0,0,0,0
David Jiricek,CLS,D,4,0,0,0,-4,2,5,0,0,0,0,0,9,7
Stanislav Svozil,CLS,D,2,0,1,1,-3,2,3,0,0,1,0,0,1,1
Matt Kessel,STL,D,2,0,0,0,-1,0,3,0,0,0,0,0,0,1
William Dufour,NYI,RW,1,0,0,0,-2,0,0,0,0,0,0,0,1,0
Marco Kasper,DET,C,1,0,0,0,0,0,1,0,0,0,0,0,3,0
Josh Dunne,CLS,C,8,0,0,0,-6,6,4,0,0,0,0,0,19,4
Mike Hardman,CHI,RW,8,0,0,0,-2,0,7,0,0,0,0,0,25,6
Alex Steeves,TOR,LW,3,0,0,0,-2,0,3,0,0,0,0,0,3,0
Thomas Bordeleau,SJ,LW,8,0,2,2,-3,0,9,0,0,0,0,0,4,3
Tyler Kleven,OTT,D,8,0,2,2,-1,2,11,0,0,0,0,0,9,7
Brock Faber,MIN,D,2,0,0,0,2,0,1,0,0,0,0,0,0,9
Tristen Robins,SJ,C,3,0,0,0,-1,0,2,0,0,0,0,0,2,3
Will Cuylle,NYR,LW,4,0,0,0,-2,10,1,0,0,0,0,0,8,0
Jean-Luc Foudy,COL,C,9,0,0,0,-3,6,12,0,0,0,0,0,2,2
Marco Rossi,MIN,C,19,0,1,1,-7,8,13,0,0,0,0,0,6,9
